category,feature_name,selling_point,customer_pain_point,technology_detail,competitor_comparison,sales_tip
세탁기,AI 세탁 코스,"옷감 손상 없이 최적 세탁 -- 의류 수명 2배 연장","세탁기가 옷감을 상하게 해서 고급 의류를 맡기기 불안","AI 센서가 세탁물의 무게와 재질과 오염도를 감지하여 물량과 세제량과 회전속도를 자동 조절","타사 대비 세탁 시 진동 50% 감소 및 소음 40dB 이하","고급 의류를 자주 세탁하는 고객에게 AI 코스 체험 유도. 실크/캐시미어 시연이 효과적"
세탁기,대용량 스팀 살균,"99.9% 살균으로 아기 옷과 침구류 위생 관리","아기 옷 세탁 시 세균 걱정. 삶아 빨기는 옷감 손상","100도 고온 스팀을 세탁조 전체에 분사하여 세균과 알레르기 유발물질 제거. 섬유 손상 없는 저압 스팀 기술","타사 대비 스팀 도달 면적 30% 넓음. 에너지 소비는 동급 대비 15% 절약","영유아 가정에 직접 시연. 스팀 살균 전후 세균 수치 비교 자료 활용"
세탁기,통돌이 폭포수 세탁,"강력한 세척력으로 작업복과 운동복 세탁에 최적","작업복과 운동복의 찌든 때가 잘 안 빠짐. 드럼 세탁기로는 부족","3단 폭포수 낙차 방식으로 세탁물을 위에서 아래로 반복 타격. 일반 통돌이 대비 세척력 40% 향상","동급 용량 기준 최저 수준의 물 사용량. 세척력은 경쟁 제품 대비 우위","단독 세대나 작업 환경이 많은 고객에게 세척력 강조. 가격 대비 성능 어필"
냉장고,메탈쿨링 도어,문을 자주 열어도 내부 온도 변화 최소화 -- 식재료 신선도 30% 연장,"냉장고 문을 자주 여닫으면 온도가 올라가서 식재료가 빨리 상함","도어 내부에 메탈 패널을 장착하여 냉기 손실을 차단. 문 개방 후 원래 온도 복귀 시간 50% 단축","타사 냉장고 대비 온도 복원 속도 2배. 소비전력은 동급 대비 10% 절감","대가족이나 식당 운영자 등 냉장고 사용 빈도가 높은 고객에게 온도 유지 데모"
냉장고,스마트 식품 관리,"유통기한 임박 식품 알림으로 음식물 낭비 30% 감소","냉장고 뒤편 식재료를 잊고 버리는 경우가 잦음","내부 카메라가 식품을 인식하고 입고일 기준 유통기한을 자동 추적. 앱으로 실시간 알림","타사 대비 식품 인식 정확도 92%로 업계 최고 수준","식비 절약에 관심 있는 고객에게 월간 절약 금액 시뮬레이션 제공"
냉장고,김치 숙성 AI,"김치 종류별 최적 숙성 온도를 AI가 자동 조절","계절과 김치 종류에 따라 숙성 온도를 직접 조절하기 어려움","8종 김치 데이터 학습 기반으로 투입 시점부터 계절과 종류를 분석하여 온도와 습도를 자동 최적화","타사 김치냉장고 대비 숙성 균일도 25% 향상. 에너지 효율 1등급 유지","김장 시즌에 집중 마케팅. 김치 종류별 시식 비교 행사가 효과적"
에어컨,바람 없는 냉방,"직접 바람 없이 실내 전체를 균일하게 냉방 -- 냉방병 걱정 제로","에어컨 바람이 직접 닿으면 두통과 근육통 발생. 특히 노약자와 영유아 가정","천장으로 냉기를 올려보내 자연 대류로 실내 전체에 퍼지게 하는 간접 냉방 기술","타사 간접풍 모드 대비 냉방 도달 시간 20% 단축. 전력 소비 동급","노약자나 영유아가 있는 가정에 직접 체험 유도. 온도 분포 측정기로 균일도 시연"
에어컨,공기 청정 일체형,"에어컨과 공기청정기를 하나로 -- 공간 절약과 미세먼지 관리 동시 해결","에어컨과 공기청정기를 별도 구매하면 공간 차지와 비용 부담","에어컨 내부에 HEPA 13 필터와 플라즈마 이온 발생기를 탑재. PM2.5 99.5% 제거","타사 에어컨 필터 대비 미세먼지 제거율 15% 높음. 필터 교체 주기 2배","공기청정기를 별도로 사용 중인 고객에게 통합 비용 절감 제안. 필터 유지비 비교"
에어컨,AI 쾌적 모드,"사용자 활동 패턴을 학습하여 자동으로 최적 온습도 유지","수동으로 온도를 계속 조절해야 하는 번거로움. 취침 시 너무 춥거나 더움","적외선 인체 감지 센서와 학습 알고리즘으로 재실 인원과 활동량에 따라 풍량과 온도를 자동 조절","타사 AI 모드 대비 에너지 절감률 18% 우위. 체감 만족도 조사 1위","전기요금에 민감한 고객에게 월간 전기요금 시뮬레이션 제공. 실제 사용 후기 공유"
건조기,저온 히트펌프 건조,"섬유 손상 없이 부드러운 건조 -- 니트와 패딩도 안심","높은 온도로 옷감이 줄어들거나 손상되는 문제. 특히 니트와 패딩","60도 이하 저온 열풍으로 수분만 제거. 히트펌프 방식으로 열 재활용하여 에너지 1등급","타사 히트펌프 대비 건조 시간 15% 단축. 에너지 소비 20% 절감","니트나 패딩 등 관리가 까다로운 의류를 가진 고객에게 실물 건조 시연"
건조기,스마트 건조 센서,"건조 완료 시점을 자동 감지하여 과건조 방지 -- 전기요금 절약","수동 타이머 설정 시 과건조 또는 덜 건조 문제 빈번","3중 습도 센서가 잔여 수분율을 실시간 측정하여 최적 시점에 자동 종료","타사 센서 건조 대비 수분율 오차 범위 +/-2% 이내로 정밀도 우수","전기요금 절약 효과를 수치로 보여주기. 연간 약 5만원 절감 데이터 활용"
건조기,올인원 세탁건조,"세탁부터 건조까지 한 번에 -- 빨래 동선 최소화","세탁기에서 꺼내 건조기로 옮기는 번거로움. 좁은 공간에 두 대 설치 부담","세탁 후 자동으로 건조 모드 전환. 히트펌프 일체형으로 공간 절약과 에너지 효율 동시 확보","타사 올인원 대비 건조 용량 손실 없음(동일 21kg). 세탁-건조 전환 시간 5분 이내","원룸이나 신혼부부 등 공간이 제한된 고객에게 설치 공간 비교 시연"
식기세척기,초고온 살균 세척,"75도 고온 헹굼으로 식기 표면 세균 99.9% 제거","손 설거지로는 기름때와 세균이 완전히 제거되지 않는 불안","최종 헹굼 단계에서 75도 고온수를 분사하여 열 살균. 건조 단계에서 자외선 UV 추가 살균","타사 대비 헹굼 온도 5도 높음. UV 살균 기능은 당 가격대에서 유일","아기 식기 세척이 필요한 가정에 살균력 데모. 세균 검사 키트 활용"
식기세척기,자동 세제 투입,"세제량을 자동 계산하여 투입 -- 세제 낭비 방지와 잔여물 제로","세제를 너무 많이 넣으면 잔여물이 남고 적게 넣으면 세척력 부족","오염도 센서와 식기량 감지 센서가 최적 세제량을 자동 계산. 대용량 세제통에 한 번 충전으로 약 30회 사용","타사 자동 투입 대비 세제 절약률 20% 높음. 세제통 용량 업계 최대","세제 구매와 투입이 번거로운 고객에게 편의성 강조. 월간 세제비 절감 시연"
식기세척기,초절수 에코 모드,"일반 손 설거지 대비 물 사용량 80% 절감 -- 월 수도요금 1만원 절약","손 설거지 시 물을 과다 사용하게 되는 습관. 수도요금 부담","순환 여과 시스템으로 세척수를 정화하여 재사용. 6L로 14인분 식기 세척 완료","동급 용량 기준 최저 물 사용량. 타사 에코 모드 대비 30% 절수","수도요금에 민감한 고객에게 월간 절약 금액 비교표 제공. 환경 의식 높은 고객에게 탄소 절감 데이터 활용"